<?xml version="1.0" encoding="UTF-8"?>
<project-private xmlns="http://www.netbeans.org/ns/project-private/1">
    <editor-bookmarks xmlns="http://www.netbeans.org/ns/editor-bookmarks/2" lastBookmarkId="0"/>
    <open-files xmlns="http://www.netbeans.org/ns/projectui-open-files/2">
        <group>
            <file>file:/C:/Users/Gerson%20Morales/Desktop/TAREAS%20ESCOM/PARADIGMAS/CASOS/PRACTICAS/Juarez_Silva_dIEGO_Practica03_3CV4_1er%20(1)/EnchiladasDeCacahuate/src/enchiladasdecacahuate/EnchiladasDeCacahuate.java</file>
            <file>file:/C:/Users/Gerson%20Morales/Desktop/TAREAS%20ESCOM/PARADIGMAS/CASOS/PRACTICAS/Juarez_Silva_dIEGO_Practica03_3CV4_1er%20(1)/EnchiladasDeCacahuate/src/enchiladasdecacahuate/Sarten.java</file>
            <file>file:/C:/Users/Gerson%20Morales/Desktop/TAREAS%20ESCOM/PARADIGMAS/CASOS/PRACTICAS/Juarez_Silva_dIEGO_Practica03_3CV4_1er%20(1)/EnchiladasDeCacahuate/src/enchiladasdecacahuate/Preparacion.java</file>
            <file>file:/C:/Users/Gerson%20Morales/Desktop/TAREAS%20ESCOM/PARADIGMAS/CASOS/PRACTICAS/Juarez_Silva_dIEGO_Practica03_3CV4_1er%20(1)/EnchiladasDeCacahuate/src/enchiladasdecacahuate/Aceite.java</file>
            <file>file:/C:/Users/Gerson%20Morales/Desktop/TAREAS%20ESCOM/PARADIGMAS/CASOS/PRACTICAS/Juarez_Silva_dIEGO_Practica03_3CV4_1er%20(1)/EnchiladasDeCacahuate/src/enchiladasdecacahuate/Ajo.java</file>
            <file>file:/C:/Users/Gerson%20Morales/Desktop/TAREAS%20ESCOM/PARADIGMAS/CASOS/PRACTICAS/Juarez_Silva_dIEGO_Practica03_3CV4_1er%20(1)/EnchiladasDeCacahuate/src/enchiladasdecacahuate/Cacahuate.java</file>
            <file>file:/C:/Users/Gerson%20Morales/Desktop/TAREAS%20ESCOM/PARADIGMAS/CASOS/PRACTICAS/Juarez_Silva_dIEGO_Practica03_3CV4_1er%20(1)/EnchiladasDeCacahuate/src/enchiladasdecacahuate/Cebolla.java</file>
            <file>file:/C:/Users/Gerson%20Morales/Desktop/TAREAS%20ESCOM/PARADIGMAS/CASOS/PRACTICAS/Juarez_Silva_dIEGO_Practica03_3CV4_1er%20(1)/EnchiladasDeCacahuate/src/enchiladasdecacahuate/ChilePoblano.java</file>
            <file>file:/C:/Users/Gerson%20Morales/Desktop/TAREAS%20ESCOM/PARADIGMAS/CASOS/PRACTICAS/Juarez_Silva_dIEGO_Practica03_3CV4_1er%20(1)/EnchiladasDeCacahuate/src/enchiladasdecacahuate/CremaAcida.java</file>
            <file>file:/C:/Users/Gerson%20Morales/Desktop/TAREAS%20ESCOM/PARADIGMAS/CASOS/PRACTICAS/Juarez_Silva_dIEGO_Practica03_3CV4_1er%20(1)/EnchiladasDeCacahuate/src/enchiladasdecacahuate/Cuchara.java</file>
            <file>file:/C:/Users/Gerson%20Morales/Desktop/TAREAS%20ESCOM/PARADIGMAS/CASOS/PRACTICAS/Juarez_Silva_dIEGO_Practica03_3CV4_1er%20(1)/EnchiladasDeCacahuate/src/enchiladasdecacahuate/Cuchillo.java</file>
            <file>file:/C:/Users/Gerson%20Morales/Desktop/TAREAS%20ESCOM/PARADIGMAS/CASOS/PRACTICAS/Juarez_Silva_dIEGO_Practica03_3CV4_1er%20(1)/EnchiladasDeCacahuate/src/enchiladasdecacahuate/Leche.java</file>
            <file>file:/C:/Users/Gerson%20Morales/Desktop/TAREAS%20ESCOM/PARADIGMAS/CASOS/PRACTICAS/Juarez_Silva_dIEGO_Practica03_3CV4_1er%20(1)/EnchiladasDeCacahuate/src/enchiladasdecacahuate/Lechuga.java</file>
            <file>file:/C:/Users/Gerson%20Morales/Desktop/TAREAS%20ESCOM/PARADIGMAS/CASOS/PRACTICAS/Juarez_Silva_dIEGO_Practica03_3CV4_1er%20(1)/EnchiladasDeCacahuate/src/enchiladasdecacahuate/Licuadora.java</file>
            <file>file:/C:/Users/Gerson%20Morales/Desktop/TAREAS%20ESCOM/PARADIGMAS/CASOS/PRACTICAS/Juarez_Silva_dIEGO_Practica03_3CV4_1er%20(1)/EnchiladasDeCacahuate/src/enchiladasdecacahuate/Pan.java</file>
            <file>file:/C:/Users/Gerson%20Morales/Desktop/TAREAS%20ESCOM/PARADIGMAS/CASOS/PRACTICAS/Juarez_Silva_dIEGO_Practica03_3CV4_1er%20(1)/EnchiladasDeCacahuate/src/enchiladasdecacahuate/Plato.java</file>
            <file>file:/C:/Users/Gerson%20Morales/Desktop/TAREAS%20ESCOM/PARADIGMAS/CASOS/PRACTICAS/Juarez_Silva_dIEGO_Practica03_3CV4_1er%20(1)/EnchiladasDeCacahuate/src/enchiladasdecacahuate/Pollo.java</file>
            <file>file:/C:/Users/Gerson%20Morales/Desktop/TAREAS%20ESCOM/PARADIGMAS/CASOS/PRACTICAS/Juarez_Silva_dIEGO_Practica03_3CV4_1er%20(1)/EnchiladasDeCacahuate/src/enchiladasdecacahuate/Queso.java</file>
            <file>file:/C:/Users/Gerson%20Morales/Desktop/TAREAS%20ESCOM/PARADIGMAS/CASOS/PRACTICAS/Juarez_Silva_dIEGO_Practica03_3CV4_1er%20(1)/EnchiladasDeCacahuate/src/enchiladasdecacahuate/Rabano.java</file>
            <file>file:/C:/Users/Gerson%20Morales/Desktop/TAREAS%20ESCOM/PARADIGMAS/CASOS/PRACTICAS/Juarez_Silva_dIEGO_Practica03_3CV4_1er%20(1)/EnchiladasDeCacahuate/src/enchiladasdecacahuate/Recipiente.java</file>
            <file>file:/C:/Users/Gerson%20Morales/Desktop/TAREAS%20ESCOM/PARADIGMAS/CASOS/PRACTICAS/Juarez_Silva_dIEGO_Practica03_3CV4_1er%20(1)/EnchiladasDeCacahuate/src/enchiladasdecacahuate/Tabla.java</file>
            <file>file:/C:/Users/Gerson%20Morales/Desktop/TAREAS%20ESCOM/PARADIGMAS/CASOS/PRACTICAS/Juarez_Silva_dIEGO_Practica03_3CV4_1er%20(1)/EnchiladasDeCacahuate/src/enchiladasdecacahuate/Tortilla.java</file>
            <file>file:/C:/Users/Gerson%20Morales/Desktop/TAREAS%20ESCOM/PARADIGMAS/CASOS/PRACTICAS/Juarez_Silva_dIEGO_Practica03_3CV4_1er%20(1)/EnchiladasDeCacahuate/src/enchiladasdecacahuate/Olla.java</file>
            <file>file:/C:/Users/Gerson%20Morales/Desktop/TAREAS%20ESCOM/PARADIGMAS/CASOS/PRACTICAS/Juarez_Silva_dIEGO_Practica03_3CV4_1er%20(1)/EnchiladasDeCacahuate/src/enchiladasdecacahuate/Estufa.java</file>
            <file>file:/C:/Users/Gerson%20Morales/Desktop/TAREAS%20ESCOM/PARADIGMAS/CASOS/PRACTICAS/Juarez_Silva_dIEGO_Practica03_3CV4_1er%20(1)/EnchiladasDeCacahuate/src/enchiladasdecacahuate/Cocina.java</file>
            <file>file:/C:/Users/Gerson%20Morales/Desktop/TAREAS%20ESCOM/PARADIGMAS/CASOS/PRACTICAS/Juarez_Silva_dIEGO_Practica03_3CV4_1er%20(1)/EnchiladasDeCacahuate/src/enchiladasdecacahuate/Agua.java</file>
            <file>file:/C:/Users/Gerson%20Morales/Desktop/TAREAS%20ESCOM/PARADIGMAS/CASOS/PRACTICAS/Juarez_Silva_dIEGO_Practica03_3CV4_1er%20(1)/EnchiladasDeCacahuate/src/enchiladasdecacahuate/Sazonar.java</file>
            <file>file:/C:/Users/Gerson%20Morales/Desktop/TAREAS%20ESCOM/PARADIGMAS/CASOS/PRACTICAS/Juarez_Silva_dIEGO_Practica03_3CV4_1er%20(1)/EnchiladasDeCacahuate/src/enchiladasdecacahuate/Parrilla.java</file>
            <file>file:/C:/Users/Gerson%20Morales/Desktop/TAREAS%20ESCOM/PARADIGMAS/CASOS/PRACTICAS/Juarez_Silva_dIEGO_Practica03_3CV4_1er%20(1)/EnchiladasDeCacahuate/src/enchiladasdecacahuate/Retirar.java</file>
            <file>file:/C:/Users/Gerson%20Morales/Desktop/TAREAS%20ESCOM/PARADIGMAS/CASOS/PRACTICAS/Juarez_Silva_dIEGO_Practica03_3CV4_1er%20(1)/EnchiladasDeCacahuate/src/enchiladasdecacahuate/Mezclar.java</file>
            <file>file:/C:/Users/Gerson%20Morales/Desktop/TAREAS%20ESCOM/PARADIGMAS/CASOS/PRACTICAS/Juarez_Silva_dIEGO_Practica03_3CV4_1er%20(1)/EnchiladasDeCacahuate/src/enchiladasdecacahuate/Vertir.java</file>
            <file>file:/C:/Users/Gerson%20Morales/Desktop/TAREAS%20ESCOM/PARADIGMAS/CASOS/PRACTICAS/Juarez_Silva_dIEGO_Practica03_3CV4_1er%20(1)/EnchiladasDeCacahuate/src/enchiladasdecacahuate/Rellenar.java</file>
            <file>file:/C:/Users/Gerson%20Morales/Desktop/TAREAS%20ESCOM/PARADIGMAS/CASOS/PRACTICAS/Juarez_Silva_dIEGO_Practica03_3CV4_1er%20(1)/EnchiladasDeCacahuate/src/enchiladasdecacahuate/Decorar.java</file>
        </group>
    </open-files>
</project-private>
